/bottleful_test/,301,/bottleful_redirest/
/becroak_test/,302,/becroak_redirest/
/unqueened_test/,302,/unqueened_redirest/
/cassowary_test/,302,/cassowary_redirest/
/unbloodily_test/,301,/unbloodily_redirest/
/weichselwood_test/,302,/weichselwood_redirest/
/sandwort_test/,301,/sandwort_redirest/
/protatic_test/,302,/protatic_redirest/
/teabox_test/,301,/teabox_redirest/
/divalent_test/,302,/divalent_redirest/
/acerra_test/,301,/acerra_redirest/
/degas_test/,301,/degas_redirest/
/sanity_test/,302,/sanity_redirest/
/sweetishness_test/,301,/sweetishness_redirest/
/hingle_test/,302,/hingle_redirest/
/semilegislative_test/,301,/semilegislative_redirest/
/engroove_test/,301,/engroove_redirest/
/gamic_test/,302,/gamic_redirest/
/superficialize_test/,302,/superficialize_redirest/
/bookism_test/,301,/bookism_redirest/
/neurofil_test/,302,/neurofil_redirest/
/corvina_test/,301,/corvina_redirest/
/nonadult_test/,301,/nonadult_redirest/
/soboles_test/,301,/soboles_redirest/
/assiduous_test/,302,/assiduous_redirest/
/pacification_test/,302,/pacification_redirest/
/scuttler_test/,301,/scuttler_redirest/
/redware_test/,301,/redware_redirest/
/xenomorphic_test/,301,/xenomorphic_redirest/
/etypically_test/,301,/etypically_redirest/
/haziness_test/,302,/haziness_redirest/
/quarterstaff_test/,302,/quarterstaff_redirest/
/coupstick_test/,302,/coupstick_redirest/
/gallification_test/,302,/gallification_redirest/
/wingcut_test/,301,/wingcut_redirest/
/cytotaxis_test/,301,/cytotaxis_redirest/
/outnook_test/,301,/outnook_redirest/
/copalite_test/,302,/copalite_redirest/
/disperser_test/,301,/disperser_redirest/
/guberniya_test/,301,/guberniya_redirest/
/nonoxidizable_test/,302,/nonoxidizable_redirest/
/uncongratulated_test/,302,/uncongratulated_redirest/
/theaterlike_test/,301,/theaterlike_redirest/
/monkeypod_test/,302,/monkeypod_redirest/
/apachite_test/,301,/apachite_redirest/
/sexagenarian_test/,301,/sexagenarian_redirest/
/allanite_test/,301,/allanite_redirest/
/unmatured_test/,302,/unmatured_redirest/
/erythrolysis_test/,302,/erythrolysis_redirest/
/cisjurane_test/,302,/cisjurane_redirest/
/cotyloid_test/,302,/cotyloid_redirest/
/teewhaap_test/,301,/teewhaap_redirest/
/regrowth_test/,301,/regrowth_redirest/
/unexistent_test/,302,/unexistent_redirest/
/swami_test/,301,/swami_redirest/
/topotype_test/,301,/topotype_redirest/
/profeminism_test/,302,/profeminism_redirest/
/cortinate_test/,302,/cortinate_redirest/
/usurpedly_test/,301,/usurpedly_redirest/
/misfare_test/,302,/misfare_redirest/
/unturf_test/,301,/unturf_redirest/
/polytheize_test/,302,/polytheize_redirest/
/griffinish_test/,302,/griffinish_redirest/
/huaco_test/,301,/huaco_redirest/
/disestablish_test/,301,/disestablish_redirest/
/polyphonium_test/,301,/polyphonium_redirest/
/fretfulness_test/,301,/fretfulness_redirest/
/interaulic_test/,302,/interaulic_redirest/
/teleanemograph_test/,302,/teleanemograph_redirest/
/sportsome_test/,301,/sportsome_redirest/
/isopolitical_test/,302,/isopolitical_redirest/
/malacopodous_test/,301,/malacopodous_redirest/
/medusiform_test/,302,/medusiform_redirest/
/creaturely_test/,301,/creaturely_redirest/
/quassin_test/,302,/quassin_redirest/
/astral_test/,302,/astral_redirest/
/overheadman_test/,301,/overheadman_redirest/
/dibatag_test/,302,/dibatag_redirest/
/electrotelethermometer_test/,302,/electrotelethermometer_redirest/
/stultifier_test/,302,/stultifier_redirest/
/paramount_test/,302,/paramount_redirest/
/disquisitively_test/,301,/disquisitively_redirest/
/nonsalable_test/,301,/nonsalable_redirest/
/graduator_test/,301,/graduator_redirest/
/threatener_test/,302,/threatener_redirest/
/epididymite_test/,302,/epididymite_redirest/
/outdress_test/,301,/outdress_redirest/
/nonclose_test/,301,/nonclose_redirest/
/townlet_test/,302,/townlet_redirest/
/subpallial_test/,301,/subpallial_redirest/
/anthoecologist_test/,302,/anthoecologist_redirest/
/litigator_test/,302,/litigator_redirest/
/embryonary_test/,301,/embryonary_redirest/
/luridness_test/,301,/luridness_redirest/
/unquieted_test/,302,/unquieted_redirest/
/unslate_test/,302,/unslate_redirest/
/shraddha_test/,302,/shraddha_redirest/
/embroaden_test/,302,/embroaden_redirest/
/handicraft_test/,301,/handicraft_redirest/
/groundflower_test/,301,/groundflower_redirest/
/cerote_test/,301,/cerote_redirest/
/dacryosolenitis_test/,302,/dacryosolenitis_redirest/
/buckshot_test/,301,/buckshot_redirest/
/upholstered_test/,302,/upholstered_redirest/
/concomitance_test/,301,/concomitance_redirest/
/underlease_test/,301,/underlease_redirest/
/atheist_test/,302,/atheist_redirest/
/mycetous_test/,301,/mycetous_redirest/
/mycetozoan_test/,302,/mycetozoan_redirest/
/paraquinone_test/,302,/paraquinone_redirest/
/bowsprit_test/,301,/bowsprit_redirest/
/traducement_test/,301,/traducement_redirest/
/antiphagocytic_test/,301,/antiphagocytic_redirest/
/piggishly_test/,301,/piggishly_redirest/
/eminently_test/,301,/eminently_redirest/
/pathogerm_test/,301,/pathogerm_redirest/
/transversary_test/,301,/transversary_redirest/
/pedipulation_test/,302,/pedipulation_redirest/
/deash_test/,302,/deash_redirest/
/motherhood_test/,301,/motherhood_redirest/
/peristeromorph_test/,302,/peristeromorph_redirest/
/stertoriousness_test/,301,/stertoriousness_redirest/
/bogway_test/,301,/bogway_redirest/
/goodyish_test/,301,/goodyish_redirest/
/fordwine_test/,302,/fordwine_redirest/
/petiteness_test/,301,/petiteness_redirest/
/leftwards_test/,301,/leftwards_redirest/
/uparise_test/,302,/uparise_redirest/
/hanbury_test/,301,/hanbury_redirest/
/unneglected_test/,301,/unneglected_redirest/
/commensurate_test/,301,/commensurate_redirest/
/antiparagraphe_test/,301,/antiparagraphe_redirest/
/nonhalation_test/,302,/nonhalation_redirest/
/archfoe_test/,302,/archfoe_redirest/
/printerdom_test/,301,/printerdom_redirest/
/odontognathic_test/,301,/odontognathic_redirest/
/zygapophyseal_test/,301,/zygapophyseal_redirest/
/brickfield_test/,301,/brickfield_redirest/
/axoneuron_test/,302,/axoneuron_redirest/
/schnorkel_test/,301,/schnorkel_redirest/
/thrimble_test/,302,/thrimble_redirest/
/metataxic_test/,302,/metataxic_redirest/
/theosoph_test/,302,/theosoph_redirest/
/hippian_test/,301,/hippian_redirest/
/rapturous_test/,301,/rapturous_redirest/
/unsafely_test/,302,/unsafely_redirest/
/moteless_test/,302,/moteless_redirest/
/antifrost_test/,302,/antifrost_redirest/
/suffumigate_test/,301,/suffumigate_redirest/
/unspun_test/,302,/unspun_redirest/
/gravic_test/,301,/gravic_redirest/
/intermesenterial_test/,301,/intermesenterial_redirest/
/diploic_test/,301,/diploic_redirest/
/tyrannically_test/,301,/tyrannically_redirest/
/beseechment_test/,302,/beseechment_redirest/
/oolite_test/,301,/oolite_redirest/
/correction_test/,302,/correction_redirest/
/clayish_test/,302,/clayish_redirest/
/sheathery_test/,301,/sheathery_redirest/
/haphazardness_test/,301,/haphazardness_redirest/
/woebegoneness_test/,301,/woebegoneness_redirest/
/hexactinellidan_test/,302,/hexactinellidan_redirest/
/professorially_test/,302,/professorially_redirest/
/basiation_test/,301,/basiation_redirest/
/perichondral_test/,301,/perichondral_redirest/
/cunctation_test/,301,/cunctation_redirest/
/wyss_test/,302,/wyss_redirest/
/scuttling_test/,302,/scuttling_redirest/
/caryatid_test/,302,/caryatid_redirest/
/heptameride_test/,301,/heptameride_redirest/
/belatticed_test/,302,/belatticed_redirest/
/flaggily_test/,301,/flaggily_redirest/
/riziform_test/,301,/riziform_redirest/
/unfurnished_test/,302,/unfurnished_redirest/
/chiasmodontid_test/,302,/chiasmodontid_redirest/
/furodiazole_test/,301,/furodiazole_redirest/
/desirableness_test/,301,/desirableness_redirest/
/unmomentary_test/,302,/unmomentary_redirest/
/apertured_test/,302,/apertured_redirest/
/quindecylic_test/,301,/quindecylic_redirest/
/anhemolytic_test/,302,/anhemolytic_redirest/
/odontodynia_test/,302,/odontodynia_redirest/
/canjac_test/,301,/canjac_redirest/
/daker_test/,301,/daker_redirest/
/elver_test/,301,/elver_redirest/
/faceplate_test/,301,/faceplate_redirest/
/incaptivate_test/,302,/incaptivate_redirest/
/hyena_test/,302,/hyena_redirest/
/clockless_test/,302,/clockless_redirest/
/monocrotism_test/,302,/monocrotism_redirest/
/investigator_test/,301,/investigator_redirest/
/turnstone_test/,301,/turnstone_redirest/
/forblow_test/,302,/forblow_redirest/
/reconvene_test/,302,/reconvene_redirest/
/tarmac_test/,302,/tarmac_redirest/
/pachycephal_test/,301,/pachycephal_redirest/
/motmot_test/,302,/motmot_redirest/
/undefalcated_test/,301,/undefalcated_redirest/
/ineloquent_test/,301,/ineloquent_redirest/
/emphractic_test/,301,/emphractic_redirest/
/cousinhood_test/,301,/cousinhood_redirest/
/prolarva_test/,301,/prolarva_redirest/
/sialid_test/,302,/sialid_redirest/
/unshaken_test/,302,/unshaken_redirest/
/preocclusion_test/,302,/preocclusion_redirest/
/rethink_test/,302,/rethink_redirest/
/turfdom_test/,301,/turfdom_redirest/
/bozze_test/,302,/bozze_redirest/
/dissympathy_test/,301,/dissympathy_redirest/
/mediumization_test/,301,/mediumization_redirest/
/hingelike_test/,301,/hingelike_redirest/
/iodo_test/,301,/iodo_redirest/
/flocculus_test/,302,/flocculus_redirest/
/heterism_test/,302,/heterism_redirest/
/pharynges_test/,301,/pharynges_redirest/
/stringing_test/,302,/stringing_redirest/
/bronchospasm_test/,302,/bronchospasm_redirest/
/stenophyllous_test/,302,/stenophyllous_redirest/
/aminoazobenzene_test/,301,/aminoazobenzene_redirest/
/overculture_test/,302,/overculture_redirest/
/strayling_test/,301,/strayling_redirest/
/sermonwise_test/,301,/sermonwise_redirest/
/squibbery_test/,302,/squibbery_redirest/
/interforce_test/,301,/interforce_redirest/
/acarodermatitis_test/,302,/acarodermatitis_redirest/
/tubehead_test/,302,/tubehead_redirest/
/unhabitable_test/,301,/unhabitable_redirest/
/wizard_test/,301,/wizard_redirest/
/hippomancy_test/,301,/hippomancy_redirest/
/zirconic_test/,302,/zirconic_redirest/
/unretarded_test/,301,/unretarded_redirest/
/trithioaldehyde_test/,302,/trithioaldehyde_redirest/
/fumitory_test/,302,/fumitory_redirest/
/xeriff_test/,302,/xeriff_redirest/
/hypothecate_test/,302,/hypothecate_redirest/
/duodecillion_test/,301,/duodecillion_redirest/
/pluviograph_test/,301,/pluviograph_redirest/
/behalf_test/,301,/behalf_redirest/
/grandfatherly_test/,302,/grandfatherly_redirest/
/superconductor_test/,301,/superconductor_redirest/
/quadricipital_test/,302,/quadricipital_redirest/
/despot_test/,301,/despot_redirest/
/ventrohysteropexy_test/,302,/ventrohysteropexy_redirest/
/scelotyrbe_test/,302,/scelotyrbe_redirest/
/gratulate_test/,301,/gratulate_redirest/
/gemmipares_test/,302,/gemmipares_redirest/
/veritably_test/,301,/veritably_redirest/
/remissible_test/,301,/remissible_redirest/
/seedful_test/,302,/seedful_redirest/
/deformer_test/,302,/deformer_redirest/
/pignut_test/,302,/pignut_redirest/
/stepdaughter_test/,301,/stepdaughter_redirest/
/gastrocatarrhal_test/,301,/gastrocatarrhal_redirest/
/unrelented_test/,302,/unrelented_redirest/
/gaincall_test/,302,/gaincall_redirest/
/remineralize_test/,302,/remineralize_redirest/
/inscroll_test/,301,/inscroll_redirest/
/unimplicit_test/,301,/unimplicit_redirest/
/phoronomia_test/,302,/phoronomia_redirest/
/cluster_test/,302,/cluster_redirest/
/lampers_test/,302,/lampers_redirest/
/privet_test/,301,/privet_redirest/
/gynarchic_test/,301,/gynarchic_redirest/
/hemangioma_test/,302,/hemangioma_redirest/
/unburstableness_test/,301,/unburstableness_redirest/
/sovereignly_test/,302,/sovereignly_redirest/
/nonponderosity_test/,301,/nonponderosity_redirest/
/unsin_test/,302,/unsin_redirest/
/nonopening_test/,302,/nonopening_redirest/
/usurpress_test/,301,/usurpress_redirest/
/burghemot_test/,301,/burghemot_redirest/
/granduncle_test/,302,/granduncle_redirest/
/umbrageousness_test/,301,/umbrageousness_redirest/
/rehypothecate_test/,302,/rehypothecate_redirest/
/subcyaneous_test/,301,/subcyaneous_redirest/
/wintrify_test/,302,/wintrify_redirest/
/moosehood_test/,302,/moosehood_redirest/
/tolunitrile_test/,302,/tolunitrile_redirest/
/anthoecology_test/,302,/anthoecology_redirest/
/overdiffusely_test/,301,/overdiffusely_redirest/
/incompliant_test/,301,/incompliant_redirest/
/goadsman_test/,301,/goadsman_redirest/
/eidently_test/,301,/eidently_redirest/
/beehouse_test/,301,/beehouse_redirest/
/pharynogotome_test/,301,/pharynogotome_redirest/
/leaser_test/,302,/leaser_redirest/
/tubule_test/,302,/tubule_redirest/
/illimitably_test/,301,/illimitably_redirest/
/patnidar_test/,301,/patnidar_redirest/
/pedipalpal_test/,301,/pedipalpal_redirest/
/emmer_test/,302,/emmer_redirest/
/goosenecked_test/,301,/goosenecked_redirest/
/tamacoare_test/,301,/tamacoare_redirest/
/marakapas_test/,301,/marakapas_redirest/
/haily_test/,302,/haily_redirest/
/pendantlike_test/,302,/pendantlike_redirest/
/stepper_test/,302,/stepper_redirest/
/sleeveen_test/,301,/sleeveen_redirest/
/untiringly_test/,301,/untiringly_redirest/
/superreformation_test/,301,/superreformation_redirest/
/homogenate_test/,301,/homogenate_redirest/
/lumpish_test/,302,/lumpish_redirest/
/interference_test/,302,/interference_redirest/
/superfetation_test/,301,/superfetation_redirest/
/rebehold_test/,302,/rebehold_redirest/
/oscnode_test/,302,/oscnode_redirest/
/leer_test/,301,/leer_redirest/
/untiring_test/,302,/untiring_redirest/
/cerebrational_test/,301,/cerebrational_redirest/
/impertinency_test/,302,/impertinency_redirest/
/dominated_test/,302,/dominated_redirest/
/genapper_test/,302,/genapper_redirest/
/repetitively_test/,301,/repetitively_redirest/
/screwer_test/,302,/screwer_redirest/
/depigmentize_test/,301,/depigmentize_redirest/
/inobservant_test/,302,/inobservant_redirest/
/tephrite_test/,301,/tephrite_redirest/
/indifferentist_test/,301,/indifferentist_redirest/
/dissolutional_test/,302,/dissolutional_redirest/
/steep_test/,302,/steep_redirest/
/hyperalgebra_test/,302,/hyperalgebra_redirest/
/smopple_test/,302,/smopple_redirest/
/zesty_test/,301,/zesty_redirest/
/prosilverite_test/,301,/prosilverite_redirest/
/impostrix_test/,302,/impostrix_redirest/
/fent_test/,302,/fent_redirest/
/glycerogel_test/,302,/glycerogel_redirest/
/erectopatent_test/,302,/erectopatent_redirest/
/garrulous_test/,301,/garrulous_redirest/
/orchiepididymitis_test/,302,/orchiepididymitis_redirest/
/bacchic_test/,301,/bacchic_redirest/
/rosular_test/,301,/rosular_redirest/
/hardock_test/,302,/hardock_redirest/
/hogwash_test/,301,/hogwash_redirest/
/nectriaceous_test/,302,/nectriaceous_redirest/
/calcaneoastragalar_test/,302,/calcaneoastragalar_redirest/
/halcyonic_test/,301,/halcyonic_redirest/
/palustrine_test/,301,/palustrine_redirest/
/democratian_test/,301,/democratian_redirest/
/enforcingly_test/,301,/enforcingly_redirest/
/noneleemosynary_test/,302,/noneleemosynary_redirest/
/muskiness_test/,302,/muskiness_redirest/
/verisimilitudinous_test/,301,/verisimilitudinous_redirest/
/wirework_test/,302,/wirework_redirest/
/piroplasm_test/,302,/piroplasm_redirest/
/repetitiously_test/,301,/repetitiously_redirest/
/aerotonometer_test/,301,/aerotonometer_redirest/
/peristomial_test/,302,/peristomial_redirest/
/phyllostomatous_test/,301,/phyllostomatous_redirest/
/mouthless_test/,301,/mouthless_redirest/
/unharmonical_test/,301,/unharmonical_redirest/
/yuzlik_test/,301,/yuzlik_redirest/
/promuscis_test/,302,/promuscis_redirest/
/octagon_test/,302,/octagon_redirest/
/fearful_test/,301,/fearful_redirest/
/exfoliative_test/,302,/exfoliative_redirest/
/zymotize_test/,302,/zymotize_redirest/
/bootlessness_test/,302,/bootlessness_redirest/
/bromethyl_test/,301,/bromethyl_redirest/
/liroconite_test/,302,/liroconite_redirest/
/ardennite_test/,302,/ardennite_redirest/
/nephrosclerosis_test/,301,/nephrosclerosis_redirest/
/subtersensuous_test/,301,/subtersensuous_redirest/
/hardberry_test/,301,/hardberry_redirest/
/undermediator_test/,301,/undermediator_redirest/
/feverweed_test/,301,/feverweed_redirest/
/gainyield_test/,302,/gainyield_redirest/
/curbless_test/,301,/curbless_redirest/
/colonopathy_test/,301,/colonopathy_redirest/
/pseudoaquatic_test/,302,/pseudoaquatic_redirest/
/enormous_test/,302,/enormous_redirest/
/regarnish_test/,302,/regarnish_redirest/
/incontestableness_test/,302,/incontestableness_redirest/
/altaite_test/,302,/altaite_redirest/
/latus_test/,302,/latus_redirest/
/fogon_test/,302,/fogon_redirest/
/bostrychoid_test/,302,/bostrychoid_redirest/
/semital_test/,302,/semital_redirest/
/upgorge_test/,301,/upgorge_redirest/
/memoried_test/,301,/memoried_redirest/
/blading_test/,301,/blading_redirest/
/stratagemical_test/,302,/stratagemical_redirest/
/shikimi_test/,301,/shikimi_redirest/
/dragrope_test/,302,/dragrope_redirest/
/slater_test/,301,/slater_redirest/
/mouthed_test/,301,/mouthed_redirest/
/pampilion_test/,301,/pampilion_redirest/
/pillarist_test/,302,/pillarist_redirest/
/contumely_test/,301,/contumely_redirest/
/seignoral_test/,301,/seignoral_redirest/
/thyreoantitoxin_test/,302,/thyreoantitoxin_redirest/
/cacoplasia_test/,302,/cacoplasia_redirest/
/platoon_test/,301,/platoon_redirest/
/readvise_test/,301,/readvise_redirest/
/euryprosopic_test/,302,/euryprosopic_redirest/
/winetaster_test/,301,/winetaster_redirest/
/villageward_test/,302,/villageward_redirest/
/barytic_test/,302,/barytic_redirest/
/prerailway_test/,302,/prerailway_redirest/
/dryth_test/,302,/dryth_redirest/
/clearage_test/,302,/clearage_redirest/
/citied_test/,302,/citied_redirest/
/archcupbearer_test/,301,/archcupbearer_redirest/
/terebinthinate_test/,301,/terebinthinate_redirest/
/cerevis_test/,301,/cerevis_redirest/
/coupelet_test/,302,/coupelet_redirest/
/ecphrasis_test/,302,/ecphrasis_redirest/
/minargent_test/,301,/minargent_redirest/
/rhizinous_test/,301,/rhizinous_redirest/
/sulfolysis_test/,302,/sulfolysis_redirest/
/scaliger_test/,302,/scaliger_redirest/
/imitate_test/,301,/imitate_redirest/
/biordinal_test/,302,/biordinal_redirest/
/sleepwaking_test/,302,/sleepwaking_redirest/
/risibility_test/,301,/risibility_redirest/
/awner_test/,301,/awner_redirest/
/telemechanic_test/,301,/telemechanic_redirest/
/intersqueeze_test/,302,/intersqueeze_redirest/
/plastid_test/,301,/plastid_redirest/
/specking_test/,301,/specking_redirest/
/captivation_test/,301,/captivation_redirest/
/sparrowy_test/,302,/sparrowy_redirest/
/counterlove_test/,301,/counterlove_redirest/
/mali_test/,301,/mali_redirest/
/jobsmith_test/,301,/jobsmith_redirest/
/jotting_test/,301,/jotting_redirest/
/characinid_test/,301,/characinid_redirest/
/neurepithelium_test/,302,/neurepithelium_redirest/
/preventiveness_test/,301,/preventiveness_redirest/
/coherent_test/,302,/coherent_redirest/
/dolichohieric_test/,302,/dolichohieric_redirest/
/furbishment_test/,301,/furbishment_redirest/
/coreciprocal_test/,301,/coreciprocal_redirest/
/recapitalize_test/,302,/recapitalize_redirest/
/extoller_test/,301,/extoller_redirest/
/pavisade_test/,301,/pavisade_redirest/
/unballoted_test/,301,/unballoted_redirest/
/reverable_test/,301,/reverable_redirest/
/spongeous_test/,302,/spongeous_redirest/
/latria_test/,301,/latria_redirest/
/physiophilosopher_test/,301,/physiophilosopher_redirest/
/soever_test/,302,/soever_redirest/
/tommyrot_test/,302,/tommyrot_redirest/
/parricidial_test/,302,/parricidial_redirest/
/infallibility_test/,302,/infallibility_redirest/
/oxter_test/,302,/oxter_redirest/
/uterography_test/,302,/uterography_redirest/
/corymbiferous_test/,302,/corymbiferous_redirest/
/epistolic_test/,301,/epistolic_redirest/
/statequake_test/,301,/statequake_redirest/
/swapper_test/,302,/swapper_redirest/
/contractedness_test/,302,/contractedness_redirest/
/blare_test/,302,/blare_redirest/
/undisreputable_test/,302,/undisreputable_redirest/
/jutty_test/,301,/jutty_redirest/
/thermoperiod_test/,301,/thermoperiod_redirest/
/stapediform_test/,302,/stapediform_redirest/
/elsewhere_test/,302,/elsewhere_redirest/
/uncontrollable_test/,301,/uncontrollable_redirest/
/grumphie_test/,301,/grumphie_redirest/
/unrepentance_test/,301,/unrepentance_redirest/
/inbuilt_test/,301,/inbuilt_redirest/
/metachromatism_test/,301,/metachromatism_redirest/
/misocapnist_test/,302,/misocapnist_redirest/
/confustication_test/,302,/confustication_redirest/
/raggily_test/,302,/raggily_redirest/
/choga_test/,301,/choga_redirest/
/tracheolar_test/,301,/tracheolar_redirest/
/polychromatist_test/,302,/polychromatist_redirest/
/devouringness_test/,302,/devouringness_redirest/
/grumness_test/,301,/grumness_redirest/
/unrecompensable_test/,301,/unrecompensable_redirest/
/taivert_test/,301,/taivert_redirest/
/anthroic_test/,302,/anthroic_redirest/
/magnetochemical_test/,302,/magnetochemical_redirest/
/realmless_test/,301,/realmless_redirest/
/heavyheartedness_test/,302,/heavyheartedness_redirest/
/botryomycosis_test/,301,/botryomycosis_redirest/
/lapillus_test/,301,/lapillus_redirest/
/mutableness_test/,302,/mutableness_redirest/
/bleach_test/,301,/bleach_redirest/
/mesaticephalism_test/,302,/mesaticephalism_redirest/
/umbilicar_test/,301,/umbilicar_redirest/
/reabsolve_test/,301,/reabsolve_redirest/
/flyer_test/,302,/flyer_redirest/
/overshirt_test/,302,/overshirt_redirest/
/whalebacker_test/,301,/whalebacker_redirest/
/kyte_test/,302,/kyte_redirest/
/terpineol_test/,302,/terpineol_redirest/
/philogyny_test/,302,/philogyny_redirest/
/picayunishly_test/,301,/picayunishly_redirest/
/wollastonite_test/,301,/wollastonite_redirest/
/tridentated_test/,302,/tridentated_redirest/
/acceptability_test/,301,/acceptability_redirest/
/gesneria_test/,301,/gesneria_redirest/
/padle_test/,301,/padle_redirest/
/pachyotous_test/,302,/pachyotous_redirest/
/looming_test/,302,/looming_redirest/
/quirksey_test/,302,/quirksey_redirest/
/bepaper_test/,301,/bepaper_redirest/
